Year,rainfall_06,nino12_01,nino12_02,nino12_03,nino12_04,nino12_05,nino12_12,nino3_01,nino3_02,nino3_03,nino3_04,nino3_05,nino3_12,rainfall_01,rainfall_02,rainfall_03,rainfall_04,rainfall_05,rainfall_12,nino4_01,nino4_02,nino4_03,nino4_04,nino4_05,nino4_12,nino34_01,nino34_02,nino34_03,nino34_04,nino34_05,nino34_12,tsa_01,tsa_02,tsa_03,tsa_04,tsa_05,tsa_12
1950,54.34,-1.11,-1.55,-1.01,-1.54,-1.35,-0.94,-1.73,-1.26,-0.56,-0.76,-1.19,-0.82,44.23,-39.58,123.84,-25.13,-4.35,120.14,-0.99,-1.24,-1.27,-1.04,-0.8,-1.07,-1.61,-1.44,-1.11,-1.27,-1.54,-1.17,0.02,0.09,0.04,-0.24,-0.41,-0.96
1951,142.94,-0.22,-0.84,-0.74,-0.23,0.29,0.15,-0.61,-0.51,-0.05,0.03,0.09,0.66,-4.67,-118.98,-0.26,104.87,74.05,-13.46,-0.78,-0.9,-0.33,-0.03,0.34,0.1,-1.12,-0.92,-0.17,-0.02,0.2,0.3,-1.04,-0.76,-0.95,-0.58,-0.44,-0.04
1952,-12.66,-0.01,0.07,0.01,-0.51,-0.27,-0.06,0.39,0.17,0.2,0.19,0.09,-0.36,63.83,143.42,18.14,140.87,54.55,156.54,0.2,0.05,-0.03,0.12,0.01,-0.08,0.24,0.16,0.17,0.37,0.37,-0.03,-0.0,-0.07,-0.16,-0.15,-0.26,-0.18
1953,-84.46,-0.12,0.36,0.87,1.54,1.11,-0.34,0.22,0.45,0.43,0.43,0.4,0.27,-60.17,144.92,-33.06,-108.53,-62.25,-43.96,0.05,-0.05,-0.08,0.05,0.16,0.38,0.43,0.55,0.45,0.57,0.55,0.48,-0.21,-0.31,-0.07,-0.36,-0.21,-0.45
1954,-6.76,-1.69,-0.8,-1.07,-2.5,-2.28,-1.35,0.06,0.03,-0.27,-1.32,-1.2,-1.18,32.23,-6.18,3.24,-74.23,-167.75,-38.46,0.32,0.23,-0.14,-0.27,-0.32,-0.71,0.47,0.41,-0.15,-0.76,-0.67,-0.9,-0.49,-0.56,-0.6,-0.47,-0.68,-0.27
1955,-36.56,-0.62,-1.01,-1.14,-1.11,-1.78,-1.35,-0.61,-0.54,-0.7,-0.95,-1.32,-1.85,-6.67,84.02,10.54,-42.43,42.95,64.54,-0.49,-0.65,-0.57,-0.67,-0.53,-1.19,-0.64,-0.78,-0.79,-0.95,-0.82,-1.79,-0.48,-0.66,-0.53,-0.59,-0.41,-0.61
1956,13.14,-0.87,-0.68,-0.34,-0.94,-1.02,-1.29,-0.75,-0.39,-0.29,-0.52,-0.27,-1.0,-30.87,-58.48,-61.96,-36.03,-78.05,-11.16,-1.13,-1.01,-0.81,-0.73,-0.74,-0.33,-0.83,-0.58,-0.57,-0.83,-0.44,-0.69,-0.56,-0.75,-0.65,-0.8,-0.52,-0.53
1957,-23.96,-1.62,0.02,0.93,1.2,2.1,0.68,-0.64,-0.21,0.3,0.44,0.72,1.37,130.43,-79.28,-44.46,14.17,-156.15,-62.76,-0.16,-0.08,-0.06,0.19,0.3,0.56,-0.43,-0.17,0.24,0.49,0.63,1.27,-0.43,-0.17,-0.15,-0.1,-0.33,-0.2
1958,-35.76,0.21,0.59,0.78,0.99,0.59,-0.21,1.34,1.04,0.59,0.38,0.29,-0.2,88.43,-95.08,-76.36,36.67,-147.95,60.44,0.96,1.12,0.92,0.58,0.41,0.44,1.71,1.55,1.02,0.62,0.54,0.25,-0.32,-0.32,-0.65,-0.7,-1.14,-0.06
1959,2.44,-0.58,-0.12,0.5,0.23,-0.05,-0.12,0.02,0.02,-0.14,0.06,-0.2,-0.39,-65.37,-51.78,-53.36,-122.53,-110.65,-126.16,0.45,0.33,0.17,0.26,0.04,-0.32,0.53,0.52,0.24,0.2,-0.05,-0.3,-0.02,-0.01,0.2,0.13,-0.24,-0.27
1960,70.04,-0.01,-0.46,-0.47,-0.85,-0.74,-0.27,-0.16,-0.3,-0.18,-0.11,-0.27,-0.57,-152.67,-115.28,-82.36,100.27,-103.05,81.04,-0.51,-0.57,-0.44,-0.38,-0.24,-0.01,-0.2,-0.3,-0.24,-0.03,-0.13,-0.33,-0.39,-0.47,-0.17,-0.29,-0.06,-0.04
1961,-7.96,0.18,0.58,-0.37,-0.38,-0.58,-0.34,-0.42,-0.08,-0.24,0.05,0.02,-0.48,6.23,56.62,-73.66,42.77,95.85,133.34,-0.13,-0.13,-0.27,-0.43,-0.36,-0.32,-0.17,-0.19,-0.29,-0.29,-0.07,-0.45,-0.06,-0.18,-0.1,-0.17,-0.04,-0.16
1962,2.34,-0.19,-0.59,-1.6,-1.72,-1.06,-0.85,-0.32,-0.29,-0.52,-0.73,-0.73,-0.97,126.43,123.72,-3.36,-11.23,28.85,-87.76,-0.42,-0.38,-0.21,-0.25,-0.44,-0.52,-0.37,-0.42,-0.38,-0.43,-0.59,-0.78,-0.14,-0.22,-0.19,-0.08,0.11,-0.23
1963,16.24,-0.43,-0.4,-0.42,-1.08,-0.37,-0.35,-0.64,-0.51,-0.17,0.12,-0.04,0.78,-14.57,-93.48,-71.76,3.07,11.65,-35.46,-0.48,-0.38,-0.14,-0.12,-0.22,0.24,-0.58,-0.39,-0.04,0.11,-0.2,0.96,-0.11,-0.05,0.19,0.14,0.35,0.73
1964,19.74,-0.47,-0.95,-1.14,-0.95,-2.06,-1.04,0.44,0.02,-0.36,-1.01,-1.37,-1.32,-120.67,-135.38,114.74,-14.93,36.45,92.44,0.4,0.23,-0.18,-0.18,-0.27,-1.15,0.81,0.51,-0.14,-0.6,-0.78,-1.18,0.59,0.25,0.25,-0.01,-0.29,-0.8
1965,-41.96,-0.52,-0.04,0.1,1.06,1.48,0.35,-0.81,-0.38,-0.15,0.09,0.5,1.24,-110.17,-27.98,221.24,-26.03,37.25,-23.76,-0.59,-0.35,-0.28,-0.46,-0.09,0.59,-0.74,-0.37,-0.21,-0.16,0.18,1.3,-0.45,-0.14,0.03,0.03,0.08,-0.29
1966,55.44,0.59,-0.08,-0.86,-0.98,-1.19,-0.35,1.02,0.5,0.12,0.01,-0.66,-0.89,-6.37,-97.58,-138.36,-17.63,127.45,2.54,0.57,0.63,0.89,0.34,0.22,-0.04,1.14,0.83,0.91,0.49,-0.13,-0.44,-0.25,-0.34,-0.47,0.01,0.06,0.56
1967,18.24,-0.63,-0.29,-0.88,-0.43,-0.36,-1.56,-0.49,-0.23,-0.66,-0.82,-0.31,-1.05,21.93,-26.48,123.74,185.17,-27.35,-96.66,-0.54,-0.65,-0.32,-0.1,-0.08,-0.16,-0.47,-0.48,-0.68,-0.81,-0.36,-0.62,0.24,0.24,-0.11,-0.27,-0.44,-0.17
1968,21.94,-1.22,-0.96,-1.1,-1.2,-1.4,0.23,-1.2,-1.39,-1.24,-0.77,-0.81,0.53,2.53,-93.08,321.54,-7.63,195.65,-24.66,-0.25,-0.27,-0.24,-0.24,-0.41,0.58,-0.79,-1.0,-0.92,-0.57,-0.48,0.6,-0.09,-0.3,-0.34,-0.08,-0.08,0.46
1969,-9.26,0.17,-0.24,0.72,1.08,1.53,0.72,0.59,0.47,0.44,0.44,0.77,0.77,-21.97,-80.28,75.34,202.37,90.15,-38.06,0.94,1.04,0.68,0.46,0.31,0.39,0.88,1.05,0.68,0.55,0.52,0.55,0.26,0.47,0.3,0.28,0.13,-0.23
1970,25.84,0.56,-0.03,-0.67,-0.38,-1.12,-0.86,0.62,0.24,-0.15,-0.15,-0.52,-1.16,107.03,50.52,71.64,92.97,-47.15,-76.36,0.39,0.47,0.28,0.26,0.18,-1.2,0.47,0.42,0.19,0.24,-0.02,-1.22,-0.4,-0.32,-0.28,-0.35,-0.26,-0.38
1971,40.24,-1.03,-1.17,-0.96,-0.34,-0.73,-0.87,-1.35,-1.4,-1.09,-0.79,-0.78,-1.31,8.13,91.92,41.14,108.67,84.75,-125.46,-1.31,-1.02,-0.94,-0.9,-0.86,-0.45,-1.56,-1.36,-1.15,-0.96,-0.74,-1.08,-0.07,-0.04,-0.14,0.02,0.18,-0.83
1972,19.34,-0.15,0.69,0.7,0.77,0.86,1.72,-0.58,-0.39,-0.15,0.18,0.41,2.14,-81.97,106.02,-147.56,30.97,-64.85,-50.66,-0.36,-0.08,0.04,0.3,0.4,0.8,-0.75,-0.37,-0.06,0.24,0.49,1.96,-0.14,-0.12,-0.26,-0.04,-0.1,0.85
1973,-18.76,1.33,0.41,0.07,-0.3,-0.58,-0.85,1.7,0.9,0.3,-0.45,-0.87,-1.53,-86.97,-0.98,-19.96,-118.53,208.25,1.14,0.84,0.67,0.31,-0.01,-0.31,-1.71,1.68,1.22,0.51,-0.11,-0.63,-2.03,0.73,0.66,0.51,0.69,0.86,0.36
1974,65.94,-0.85,-0.8,-0.44,-0.15,0.07,-1.1,-1.47,-1.09,-0.79,-0.54,-0.57,-0.78,33.43,-78.78,-63.76,214.27,26.15,65.34,-1.63,-1.21,-0.93,-1.0,-0.98,-0.84,-1.81,-1.48,-1.25,-1.01,-1.01,-0.79,0.28,0.08,0.07,0.29,0.42,0.07
1975,-8.36,-0.86,-0.71,-0.14,-0.01,-0.6,-1.65,-0.32,-0.64,-0.72,-0.38,-0.73,-1.62,49.83,83.02,84.84,-78.23,14.65,-6.16,-0.42,-0.24,-0.44,-0.58,-0.67,-1.59,-0.31,-0.53,-0.81,-0.63,-0.73,-1.73,-0.19,-0.25,-0.23,-0.18,-0.03,-0.38
1976,-44.46,-0.88,-0.45,-0.21,0.36,0.72,0.56,-1.63,-1.0,-0.54,-0.48,-0.15,0.66,14.63,269.92,146.14,-99.13,-141.45,-43.46,-1.24,-0.86,-0.63,-0.4,-0.43,0.02,-1.74,-1.13,-0.61,-0.59,-0.45,0.66,-0.47,-0.46,-0.56,-0.74,-0.77,-0.25
1977,-27.76,0.51,-0.11,-0.23,-0.11,-0.39,-0.3,0.9,0.62,0.4,-0.34,-0.04,0.37,-82.97,-13.28,20.84,-43.53,8.65,7.54,0.12,0.06,0.04,0.13,0.01,0.58,0.85,0.52,0.37,-0.01,0.16,0.76,-0.25,-0.06,-0.08,-0.1,-0.12,-0.11
1978,-16.86,0.04,-0.12,-0.68,-0.5,-0.87,0.17,0.3,0.13,-0.22,-0.63,-0.76,0.07,15.73,-72.18,92.84,-80.83,36.85,-93.76,0.53,0.32,0.01,-0.31,-0.07,-0.0,0.72,0.43,0.0,-0.44,-0.38,-0.03,-0.25,-0.35,-0.53,-0.72,-0.71,-0.2
1979,-24.26,0.56,-0.14,-0.18,0.21,0.26,0.05,-0.18,-0.15,0.18,0.36,0.28,0.55,78.53,-58.68,-25.36,46.27,51.15,49.04,0.21,0.14,0.09,0.05,0.01,0.33,-0.04,-0.11,0.22,0.28,0.09,0.58,-0.22,-0.3,-0.39,-0.06,-0.0,-0.06
1980,7.64,0.16,-0.04,0.34,0.31,0.23,-0.27,0.61,0.25,0.03,0.11,0.25,0.16,-97.67,-163.38,-49.76,-19.83,-165.65,-71.36,0.45,0.44,0.31,0.32,0.41,0.09,0.63,0.4,0.19,0.21,0.36,0.21,-0.21,-0.4,-0.34,-0.18,-0.11,-0.63
1981,57.14,-1.13,-0.73,-0.06,-0.32,-0.34,0.09,-0.4,-0.61,-0.37,-0.24,-0.23,0.13,-14.37,-79.48,-24.46,-54.73,2.85,-77.56,-0.02,-0.11,-0.09,-0.26,-0.32,0.04,-0.13,-0.42,-0.39,-0.23,-0.27,-0.04,-0.33,-0.53,-0.72,-0.59,-0.47,0.06
1982,-70.26,0.21,-0.25,-0.59,-0.33,0.07,3.15,0.43,0.19,0.15,0.32,0.68,2.86,58.43,-73.48,124.04,-53.63,28.45,148.34,0.12,0.07,0.26,0.49,0.55,0.67,0.32,-0.01,0.33,0.48,0.67,2.27,-0.03,-0.26,-0.29,-0.42,-0.44,-0.21
1983,-6.76,2.79,2.28,2.75,3.52,4.01,0.5,2.9,2.31,1.76,1.69,1.89,-0.45,-247.07,-168.18,106.94,-117.83,-60.15,152.34,0.58,0.54,0.4,0.26,0.34,-0.54,2.3,1.98,1.53,1.18,1.1,-0.73,0.27,0.31,-0.22,-0.32,-0.52,0.35
1984,-11.96,-0.01,-0.44,-0.19,0.19,-0.48,-0.08,-0.26,0.14,0.03,-0.17,-0.57,-1.0,-11.67,65.32,-87.86,23.07,40.25,-71.66,-0.48,-0.4,-0.51,-0.56,-0.5,-0.6,-0.44,0.02,-0.21,-0.35,-0.37,-1.15,0.62,0.59,0.71,0.43,0.19,0.21
1985,44.74,-0.46,-0.75,-0.43,-1.01,-1.24,-0.05,-0.92,-0.56,-0.59,-0.73,-0.66,-0.56,-9.97,42.42,-30.36,-164.93,114.75,171.64,-0.34,-0.46,-0.6,-0.65,-0.66,0.06,-0.85,-0.47,-0.54,-0.8,-0.68,-0.23,0.26,0.46,0.06,0.08,0.17,0.25
1986,-3.36,0.2,0.13,-0.35,-0.51,-0.81,0.74,-0.65,-0.3,-0.1,-0.08,-0.33,0.91,-12.57,19.22,-6.86,-30.73,-28.05,27.14,0.02,-0.04,0.01,-0.12,-0.02,0.55,-0.4,-0.45,-0.17,-0.02,-0.15,1.09,0.14,0.41,0.3,0.21,0.19,-0.02
1987,-77.96,1.25,1.13,1.7,1.49,1.59,0.78,1.13,1.22,1.24,1.1,1.08,1.16,11.83,13.42,-33.66,-19.03,-63.85,-24.56,0.49,0.65,0.67,0.52,0.55,0.95,1.22,1.27,1.28,1.01,0.81,1.03,-0.04,0.02,0.08,-0.03,0.21,0.35
1988,122.94,0.44,-0.05,-0.39,-0.34,-0.57,-0.54,0.94,0.28,0.15,-0.21,-0.93,-1.33,-9.97,270.32,-45.66,-55.53,66.05,192.34,0.83,0.61,0.33,-0.02,-0.35,-1.36,0.98,0.41,0.21,-0.12,-0.83,-1.72,0.57,0.6,0.69,0.52,0.64,0.15
1989,78.34,-0.12,0.1,0.06,-0.03,-0.8,-0.12,-1.14,-0.74,-0.78,-0.6,-0.48,-0.23,12.33,141.32,-59.06,60.57,323.45,0.34,-1.36,-1.17,-0.83,-0.63,-0.39,0.13,-1.71,-1.27,-0.99,-0.86,-0.6,0.01,0.35,0.17,0.27,0.22,0.26,-0.29
1990,-16.86,-0.14,0.32,0.02,-0.3,-0.19,-0.03,-0.08,0.2,-0.11,0.13,0.38,0.1,-45.37,-85.68,-12.06,-73.83,12.95,-52.46,0.38,0.53,0.5,0.33,0.2,0.7,0.16,0.3,0.18,0.24,0.26,0.44,-0.4,0.07,0.24,0.28,-0.13,0.18
1991,31.74,-0.1,0.09,0.19,0.03,-0.03,0.96,0.27,0.12,0.02,0.25,0.51,1.28,-1.17,-51.88,-2.06,32.67,90.55,-81.86,0.74,0.67,0.54,0.58,0.67,0.91,0.6,0.48,0.25,0.48,0.5,1.69,0.06,-0.0,0.06,0.24,0.42,-0.12
1992,-45.16,0.74,0.99,1.36,1.96,2.07,0.19,1.41,1.25,1.07,1.27,1.33,-0.02,-43.17,-12.98,36.54,-91.63,-112.85,45.84,0.8,0.95,0.77,0.68,0.59,0.39,1.88,1.82,1.46,1.39,1.21,0.15,-0.33,-0.32,-0.48,-0.64,-0.73,-0.4
1993,-44.66,0.27,0.54,0.63,1.18,1.18,0.38,0.13,0.55,0.55,1.03,1.25,0.26,156.83,341.72,-81.96,60.07,-134.85,31.54,0.58,0.35,0.31,0.33,0.33,0.4,0.35,0.54,0.59,0.97,1.08,0.33,-0.31,-0.19,-0.17,0.13,-0.04,0.46
1994,19.04,0.23,0.05,-0.42,-0.6,-0.47,1.01,0.39,0.14,-0.11,-0.02,0.21,0.98,91.43,123.82,-51.76,-51.53,-57.45,2.74,0.38,0.17,0.34,0.38,0.42,1.09,0.34,0.3,0.3,0.52,0.57,1.34,0.26,0.06,0.16,0.11,0.04,0.16
1995,0.84,0.98,0.34,-0.05,-0.65,-0.66,-0.48,0.95,0.6,0.14,-0.07,-0.25,-0.76,6.33,-143.68,-9.86,170.27,-14.15,-59.26,0.96,0.95,0.89,0.67,0.61,-0.25,1.16,0.88,0.61,0.52,0.21,-0.78,0.34,0.55,0.66,0.54,0.52,-0.04
1996,78.94,-0.39,-0.11,0.07,-1.09,-0.84,-0.86,-0.54,-0.47,-0.23,-0.4,-0.35,-0.75,291.63,-18.08,26.84,118.27,-104.15,-77.56,-0.2,-0.26,-0.14,-0.2,-0.13,0.12,-0.65,-0.63,-0.43,-0.13,-0.04,-0.45,0.12,0.37,0.39,0.58,0.7,-0.1
1997,-96.66,-0.47,0.28,0.82,1.08,2.14,4.26,-0.6,-0.49,-0.18,0.13,0.84,3.26,-59.07,68.82,223.64,0.57,20.55,41.74,0.24,0.38,0.46,0.85,0.76,0.81,-0.36,-0.21,-0.16,0.36,0.73,2.36,-0.28,-0.4,-0.55,-0.57,-0.61,0.99
1998,61.04,3.6,2.95,2.87,2.81,2.92,0.25,3.1,2.5,2.06,1.84,1.62,-0.73,22.93,-103.98,-100.46,96.97,41.75,-28.76,0.81,0.79,0.47,0.13,0.15,-1.18,2.41,2.07,1.49,1.07,0.84,-1.4,0.66,0.68,0.61,0.47,0.47,0.07
1999,43.14,-0.23,-0.17,-0.07,-0.76,-0.42,-0.47,-0.83,-0.51,-0.21,-0.45,-0.48,-1.28,131.93,-14.88,-78.06,110.97,213.75,-21.46,-1.29,-1.21,-0.88,-0.7,-0.55,-0.99,-1.39,-1.06,-0.68,-0.68,-0.74,-1.48,0.07,-0.01,0.25,0.38,0.46,0.32
2000,-57.96,-0.61,-0.41,-0.42,-0.0,-0.05,-0.58,-1.34,-0.81,-0.28,0.01,-0.17,-0.4,70.53,68.72,29.44,225.17,-59.05,-27.46,-0.94,-1.09,-1.1,-0.94,-0.76,-0.62,-1.52,-1.28,-0.84,-0.64,-0.57,-0.72,0.15,0.33,0.32,0.3,0.22,-0.05
2001,57.94,-0.26,-0.16,0.48,0.58,-0.2,-0.64,-0.17,-0.01,0.23,0.14,0.16,-0.48,68.73,-56.18,-94.46,-122.03,-0.05,-6.76,-0.63,-0.55,-0.36,-0.21,-0.05,0.29,-0.54,-0.39,-0.23,-0.19,-0.04,-0.32,0.1,0.11,0.21,0.31,0.4,-0.03
2002,52.94,-0.22,0.47,0.9,0.67,0.88,0.83,-0.32,-0.13,0.26,0.27,0.53,1.27,101.13,-35.78,-115.96,66.47,31.25,91.44,0.58,0.63,0.52,0.68,0.86,1.05,0.03,0.15,0.21,0.32,0.56,1.41,0.08,-0.12,0.21,0.24,0.42,0.31
2003,4.54,0.21,0.13,0.36,-0.28,-1.16,0.32,0.86,0.63,0.41,-0.14,-0.47,0.86,-173.87,65.22,-102.06,79.87,-12.05,-129.86,0.8,0.82,0.78,0.6,0.29,0.68,0.92,0.85,0.6,0.18,-0.22,0.5,0.5,0.51,0.55,0.35,0.3,0.52
2004,14.04,0.34,0.51,-0.37,0.04,-0.55,0.7,0.63,0.52,0.36,0.29,0.01,0.83,-100.07,-125.08,112.94,-83.03,191.25,-79.76,0.68,0.59,0.39,0.3,0.39,1.09,0.43,0.36,0.26,0.35,0.34,0.86,0.35,0.16,-0.09,-0.33,-0.19,0.39
2005,-52.66,0.45,-0.39,-0.53,0.01,0.02,-0.43,0.61,0.25,0.35,0.46,0.59,-0.86,-113.97,55.82,22.74,94.57,-6.15,72.04,1.11,0.88,0.82,0.61,0.5,-0.06,0.87,0.63,0.7,0.59,0.62,-0.59,0.55,0.43,0.53,0.22,-0.13,-0.06
2006,-19.16,0.13,0.52,0.18,-0.74,-0.08,0.93,-0.54,0.06,-0.03,0.04,0.29,1.32,-106.37,70.72,-45.96,-58.13,150.45,97.64,-0.23,-0.42,-0.29,-0.04,0.21,1.04,-0.61,-0.38,-0.36,0.02,0.17,1.21,-0.02,0.17,0.33,0.24,0.17,0.28
2007,-5.96,0.93,0.5,0.07,-0.52,-0.98,-1.13,1.08,0.34,-0.02,-0.17,-0.39,-1.07,134.73,-137.98,24.74,32.87,-66.35,106.14,0.87,0.7,0.63,0.42,0.29,-0.61,0.92,0.39,0.18,0.05,-0.08,-1.11,0.18,0.15,-0.04,0.17,0.21,0.16
2008,75.94,-0.1,0.57,0.62,0.27,0.2,0.14,-1.02,-0.81,-0.4,-0.12,0.03,-0.26,88.95,-37.79,187.83,42.46,31.11,224.0,-0.89,-1.13,-0.88,-0.7,-0.66,-0.46,-1.31,-1.29,-0.92,-0.66,-0.54,-0.62,0.13,0.3,0.52,0.57,0.75,0.37
2009,39.04,0.3,-0.04,-0.15,0.65,0.63,0.39,-0.25,-0.15,-0.19,0.2,0.57,1.18,2.35,121.31,-132.67,-80.84,-118.99,28.3,-0.53,-0.44,-0.2,0.1,0.26,1.3,-0.72,-0.52,-0.23,0.13,0.37,1.55,0.39,0.29,0.46,0.45,0.72,0.66
2010,-7.66,0.34,0.47,0.45,0.62,0.53,-0.52,1.07,1.0,0.78,0.63,0.29,-0.88,-12.65,15.91,-158.77,0.46,-67.89,56.0,1.22,1.0,0.96,0.83,0.48,-0.95,1.45,1.3,1.05,0.7,0.18,-1.23,0.73,0.62,0.81,0.61,0.55,0.37
2011,-5.46,0.25,0.41,-0.32,0.03,0.26,-0.72,-0.91,-0.46,-0.38,0.02,0.0,-0.57,-81.65,156.71,-41.87,212.96,-10.59,-39.6,-0.85,-0.53,-0.24,-0.2,-0.13,-0.64,-1.28,-0.88,-0.6,-0.36,-0.17,-0.73,0.39,0.53,0.64,0.42,0.23,-0.52
2012,-41.36,-0.28,0.44,0.41,0.79,1.19,-0.36,-0.19,0.09,0.2,0.28,0.33,-0.28,56.75,-47.89,-87.77,-107.34,-65.19,32.1,-0.57,-0.41,-0.33,-0.22,-0.11,0.31,-0.59,-0.42,-0.27,-0.25,-0.15,-0.15,-0.38,-0.57,-0.16,-0.4,-0.11,0.14
2013,-94.46,0.06,0.06,-0.18,-0.79,-0.81,0.07,-0.46,-0.29,-0.01,0.03,-0.18,0.08,6.15,5.51,62.23,117.66,5.41,-132.8,0.28,0.04,-0.22,-0.05,-0.05,0.11,-0.37,-0.31,-0.23,0.05,0.04,-0.08,0.33,0.19,0.18,0.28,0.41,0.07
2014,84.94,0.3,-0.14,0.01,0.14,0.9,0.6,-0.14,-0.34,0.0,0.25,0.61,0.89,-55.15,-91.19,162.53,-47.94,178.31,-60.3,-0.02,0.16,0.26,0.45,0.41,0.91,-0.4,-0.54,-0.3,0.06,0.22,0.8,0.05,0.16,0.14,0.16,0.41,-0.16
2015,-50.96,0.27,-0.04,0.44,0.87,1.42,2.1,0.68,0.35,0.42,0.83,1.13,2.65,-4.75,-122.59,8.53,-137.44,47.81,-107.7,0.93,0.92,0.98,1.15,1.08,1.45,0.69,0.53,0.58,0.93,1.03,2.44,0.37,0.36,0.15,0.29,0.39,0.66
